trial,testing,parameters,initial_deadline,final_deadline,net_reward,actions,success
1,False,"{'a': 0.5, 'e': 1.0}",25,-21,-173.25943284210518,"{0: 32, 1: 3, 2: 8, 3: 0, 4: 3}",0
2,False,"{'a': 0.5, 'e': 0.9545484566618341}",25,-99,-512.9716413753847,"{0: 78, 1: 14, 2: 22, 3: 3, 4: 7}",0
3,False,"{'a': 0.5, 'e': 0.9111627561154892}",25,-51,-162.94536168976762,"{0: 52, 1: 7, 2: 16, 3: 0, 4: 1}",0
4,False,"{'a': 0.5, 'e': 0.8697490026177833}",25,0,-52.92711611468007,"{0: 16, 1: 3, 2: 6, 3: 0, 4: 0}",1
